Nama,Usia,Berat Badan (kg),Tinggi Badan (cm),Tingkat Aktivitas,Jenis Kelamin,Kebutuhan Air (liter/hari)
Wesley Abbott,39,59.0,163,Rendah,Perempuan,2.07
Zoe Mitchell,34,68.5,169,Rendah,Perempuan,2.4
Asher Sharp,33,57.6,153,Rendah,Laki-laki,2.02
Owen Bishop,50,75.3,174,Tinggi,Laki-laki,2.64
Vinnie Morgan,22,47.6,156,Sedang,Perempuan,1.67
Isaac Hawkins,42,67.6,168,Tinggi,Perempuan,2.37
Tessa Prescott,62,46.1,159,Tinggi,Laki-laki,1.61
Wesley Quinn,18,68.8,178,Rendah,Laki-laki,2.41
Silas Gray,53,58.4,157,Tinggi,Perempuan,2.04
Cameron West,64,76.8,187,Sedang,Laki-laki,2.69
Kendall Blake,30,56.3,158,Sedang,Laki-laki,1.97
Penelope Winslow,27,64.3,182,Tinggi,Perempuan,2.25
Ryan Ellis,52,57.0,173,Rendah,Laki-laki,2.0
Vinnie Sharp,36,71.6,180,Sedang,Perempuan,2.51
Elena Vaughn,43,68.8,177,Sedang,Perempuan,2.41
Avery Quinn,55,53.1,163,Sedang,Laki-laki,1.86
Umber Fox,35,62.3,158,Rendah,Laki-laki,2.18
Luna Jacobs,62,60.2,177,Rendah,Perempuan,2.11
Skyler West,27,66.6,179,Rendah,Perempuan,2.33
Gavin Valdez,50,58.0,158,Sedang,Perempuan,2.03
Zoe Barnes,35,74.1,185,Rendah,Laki-laki,2.59
Nathan Zimmerman,27,53.1,170,Rendah,Laki-laki,1.86
Nico Price,48,43.1,150,Sedang,Laki-laki,1.51
Chloe Brooks,42,66.9,168,Rendah,Perempuan,2.34
Cameron Ingram,55,70.4,170,Rendah,Perempuan,2.46
Nico Jacobs,32,60.3,173,Sedang,Perempuan,2.11
Caleb Jacobs,55,74.8,178,Tinggi,Laki-laki,2.62
Daisy Jefferson,20,70.7,186,Sedang,Perempuan,2.47
Drew Edwards,65,56.7,155,Sedang,Perempuan,1.98
Vera Zeller,63,56.0,162,Rendah,Laki-laki,1.96
Clara Ross,24,57.5,177,Sedang,Perempuan,2.01
Adrian Easton,49,50.8,150,Sedang,Perempuan,1.78
Uri Rogers,45,77.1,181,Sedang,Perempuan,2.7
Micah Vaughn,56,56.8,167,Sedang,Perempuan,1.99
Avery Brooks,35,52.8,167,Rendah,Perempuan,1.85
Aria Parker,56,47.9,158,Sedang,Laki-laki,1.68
Riley King,22,62.1,174,Rendah,Perempuan,2.17
Ivy Prescott,30,66.3,190,Sedang,Perempuan,2.32
Luna Simmons,36,64.1,174,Tinggi,Laki-laki,2.24
Asher Nguyen,57,56.9,163,Sedang,Laki-laki,1.99
Yanis Vaughn,39,53.2,157,Rendah,Perempuan,1.86
Drew Vaughn,50,67.9,188,Sedang,Laki-laki,2.38
Ella Ulrich,31,64.5,184,Rendah,Perempuan,2.26
Ryan Ingram,38,74.4,185,Sedang,Laki-laki,2.6
Bella Dalton,34,50.0,161,Tinggi,Perempuan,1.75
Scarlett Overton,58,63.5,183,Tinggi,Laki-laki,2.22
Yara Bishop,64,44.9,157,Rendah,Laki-laki,1.57
Yara Walker,27,76.5,188,Sedang,Laki-laki,2.68
Marley Brooks,21,54.9,168,Sedang,Laki-laki,1.92
Elena Ellis,27,69.9,171,Sedang,Laki-laki,2.45
Marley Overton,20,69.5,187,Tinggi,Laki-laki,2.43
Gavin Bishop,33,52.9,164,Rendah,Laki-laki,1.85
Elias Ingram,23,47.5,156,Tinggi,Perempuan,1.66
Tatum Abbott,51,53.4,158,Sedang,Laki-laki,1.87
Logan Barnes,38,52.4,161,Sedang,Laki-laki,1.83
Ethan Quincy,63,54.6,172,Sedang,Perempuan,1.91
Yara Winslow,35,69.6,178,Rendah,Laki-laki,2.44
Clara Anderson,45,50.4,163,Sedang,Perempuan,1.76
Rose Hughes,53,72.7,173,Tinggi,Laki-laki,2.54
Julian Ross,30,68.4,167,Rendah,Laki-laki,2.39
Jade Lopez,18,62.5,169,Sedang,Laki-laki,2.19
Riley Clark,21,61.2,168,Rendah,Laki-laki,2.14
Nathan Abbott,65,67.6,179,Tinggi,Perempuan,2.37
Zane Abbott,46,74.7,181,Tinggi,Laki-laki,2.61
Winter Garcia,61,80.7,181,Tinggi,Perempuan,2.82
Luna Hawkins,62,67.6,180,Tinggi,Laki-laki,2.37
Fiona Overton,46,59.5,171,Tinggi,Perempuan,2.08
Emerson Gray,33,46.6,151,Sedang,Perempuan,1.63
Ethan Montgomery,43,57.2,156,Tinggi,Laki-laki,2.0
Grace Bishop,52,79.6,182,Rendah,Laki-laki,2.79
Wesley Valdez,26,86.4,188,Tinggi,Laki-laki,3.02
Drew Mitchell,64,51.2,166,Rendah,Perempuan,1.79
Riley Jacobs,20,57.8,157,Tinggi,Laki-laki,2.02
Hazel Brooks,46,84.1,186,Rendah,Laki-laki,2.94
Wesley Prescott,20,76.8,184,Rendah,Perempuan,2.69
Peyton Grant,64,70.4,171,Sedang,Perempuan,2.46
Nora Xu,43,76.6,190,Sedang,Laki-laki,2.68
Skyler Fleming,29,47.9,156,Tinggi,Perempuan,1.68
Xena Hayes,61,64.9,169,Rendah,Perempuan,2.27
Finley Blake,32,81.0,188,Tinggi,Perempuan,2.84
Yara Nash,63,54.6,172,Tinggi,Perempuan,1.91
Ella Quincy,32,46.2,158,Tinggi,Laki-laki,1.62
Lennox Ingram,54,66.9,186,Tinggi,Perempuan,2.34
Jade Trevino,46,44.9,150,Sedang,Laki-laki,1.57
Miles Blake,28,74.9,179,Rendah,Perempuan,2.62
Adrian Ross,35,53.0,161,Sedang,Perempuan,1.86
Vinnie Ingram,24,56.5,169,Rendah,Laki-laki,1.98
Uri Love,26,45.5,154,Tinggi,Perempuan,1.59
Chloe Owens,52,46.8,153,Rendah,Laki-laki,1.64
Victoria Edwards,47,73.9,180,Tinggi,Laki-laki,2.59
Fiona Fleming,43,48.4,158,Tinggi,Laki-laki,1.69
Zuri Sinclair,41,59.3,163,Tinggi,Perempuan,2.08
Owen Barnes,38,58.4,172,Rendah,Perempuan,2.04
Vinnie Vaughn,53,76.2,189,Rendah,Perempuan,2.67
Samuel King,28,67.3,188,Tinggi,Perempuan,2.36
Ethan Powell,44,84.3,189,Tinggi,Perempuan,2.95
Grayson Griffin,36,51.6,159,Sedang,Laki-laki,1.81
Julian Price,39,49.4,160,Sedang,Laki-laki,1.73
Avery Morgan,55,54.0,165,Sedang,Perempuan,1.89
Marley West,26,75.9,177,Rendah,Laki-laki,2.66
Levi Lane,30,70.5,185,Sedang,Laki-laki,2.47
Owen Reed,31,61.7,185,Tinggi,Laki-laki,2.16
Indie Griffin,56,64.7,184,Tinggi,Laki-laki,2.26
Skyler Morgan,38,65.6,188,Rendah,Laki-laki,2.3
Umber Langley,32,72.0,179,Rendah,Laki-laki,2.52
Adrian Zeller,34,61.7,166,Sedang,Perempuan,2.16
Scarlett Zimmerman,24,45.8,154,Rendah,Perempuan,1.6
Vinnie Irwin,49,58.9,155,Sedang,Perempuan,2.06
Quentin Simmons,34,64.9,188,Sedang,Perempuan,2.27
Skyler Hughes,21,55.3,155,Sedang,Laki-laki,1.94
Nora West,31,46.4,154,Tinggi,Perempuan,1.62
Xander Ulrich,31,59.7,179,Tinggi,Laki-laki,2.09
Carter Montgomery,37,47.2,158,Rendah,Perempuan,1.65
Fiona Nash,45,54.8,166,Rendah,Laki-laki,1.92
Skyler Wells,20,69.7,186,Tinggi,Laki-laki,2.44
Emerson Ingram,49,76.6,179,Rendah,Laki-laki,2.68
Jules Hughes,21,52.1,153,Sedang,Laki-laki,1.82
Logan Wells,62,57.5,175,Tinggi,Perempuan,2.01
Luna Stewart,42,76.9,180,Tinggi,Laki-laki,2.69
Zane Anderson,51,50.6,154,Tinggi,Laki-laki,1.77
Jack Irwin,19,54.7,166,Tinggi,Perempuan,1.91
Grace Harris,57,51.0,164,Rendah,Perempuan,1.79
Rose Zeller,50,59.0,157,Rendah,Perempuan,2.07
Zane Blake,26,86.7,190,Tinggi,Perempuan,3.03
Yanis Foster,64,59.8,164,Tinggi,Laki-laki,2.09
Tatum Jefferson,59,47.0,156,Sedang,Perempuan,1.65
Silas Rogers,29,59.2,160,Tinggi,Laki-laki,2.07
Daisy Prescott,31,80.4,184,Tinggi,Perempuan,2.81
Kendall Gray,57,52.4,168,Tinggi,Perempuan,1.83
Elias Zimmerman,54,61.6,166,Rendah,Laki-laki,2.16
Luna Irwin,31,46.7,151,Sedang,Perempuan,1.63
Gavin Simmons,36,57.9,161,Sedang,Laki-laki,2.03
Wyatt Ward,60,72.5,184,Sedang,Laki-laki,2.54
Grayson King,31,64.8,168,Tinggi,Perempuan,2.27
Nico Blake,29,68.0,170,Rendah,Perempuan,2.38
Penelope Easton,64,56.9,164,Rendah,Perempuan,1.99
Grace Blake,64,55.7,151,Tinggi,Perempuan,1.95
Bella Sinclair,35,48.7,151,Rendah,Perempuan,1.7
Piper Montgomery,43,82.3,185,Tinggi,Perempuan,2.88
Cameron Overton,28,50.6,162,Rendah,Laki-laki,1.77
Nico Walker,21,59.7,181,Tinggi,Laki-laki,2.09
Kai Trevino,44,40.9,150,Tinggi,Perempuan,1.43
Nora Love,46,56.1,156,Tinggi,Perempuan,1.96
Grayson Underwood,37,53.7,154,Sedang,Perempuan,1.88
Wesley Boone,42,45.9,155,Tinggi,Laki-laki,1.61
Victoria Drake,62,64.4,165,Rendah,Perempuan,2.25
Ethan Ellis,48,57.3,174,Rendah,Perempuan,2.01
Blake Keller,22,76.6,182,Sedang,Perempuan,2.68
Jack Xenos,29,45.2,158,Tinggi,Perempuan,1.58
Rose Nguyen,54,75.4,184,Rendah,Laki-laki,2.64
Hazel Caldwell,35,45.4,154,Rendah,Perempuan,1.59
Miles Barnes,35,71.0,170,Sedang,Perempuan,2.49
Ivy Winslow,50,65.9,167,Sedang,Laki-laki,2.31
Carter Diaz,47,55.5,160,Rendah,Laki-laki,1.94
Winter Dalton,61,59.6,155,Rendah,Laki-laki,2.09
Lennox Ross,39,71.1,188,Sedang,Perempuan,2.49
Lily Lane,59,76.1,184,Tinggi,Perempuan,2.66
Carter Nash,43,63.3,172,Tinggi,Laki-laki,2.22
Aria Keaton,54,52.2,165,Sedang,Perempuan,1.83
Clara Price,43,74.1,185,Tinggi,Laki-laki,2.59
Blake Ward,63,75.1,182,Sedang,Perempuan,2.63
Victoria Love,32,62.0,174,Sedang,Laki-laki,2.17
Asher Montgomery,19,70.8,182,Rendah,Perempuan,2.48
Luna Ford,52,60.6,178,Rendah,Perempuan,2.12
Elias Hughes,31,62.3,185,Rendah,Laki-laki,2.18
Riley Wells,65,64.8,176,Tinggi,Laki-laki,2.27
Vera Garcia,32,75.1,179,Tinggi,Perempuan,2.63
Bella Day,43,50.9,162,Rendah,Perempuan,1.78
Peyton Lane,56,66.6,169,Tinggi,Perempuan,2.33
Riley Drake,32,58.8,156,Rendah,Perempuan,2.06
Fiona Barnes,63,81.3,188,Sedang,Laki-laki,2.85
Emerson West,29,45.9,159,Tinggi,Laki-laki,1.61
Xena Keaton,40,60.1,173,Tinggi,Perempuan,2.1
Isaac Jefferson,53,54.7,158,Rendah,Perempuan,1.91
Vera Walker,27,46.9,150,Tinggi,Laki-laki,1.64
Harper Lane,49,63.4,187,Tinggi,Perempuan,2.22
Lily Zeller,31,64.0,181,Rendah,Perempuan,2.24
Harper Diaz,30,50.5,154,Tinggi,Laki-laki,1.77
Isaac Day,56,67.6,166,Rendah,Perempuan,2.37
Piper Parker,38,49.4,153,Sedang,Perempuan,1.73
Zuri Hayes,29,66.0,163,Sedang,Laki-laki,2.31
Victoria Harris,42,60.1,176,Rendah,Perempuan,2.1
Scarlett Abbott,60,63.4,164,Rendah,Perempuan,2.22
Riley Hawkins,34,54.8,159,Tinggi,Perempuan,1.92
Samuel Peters,33,49.3,156,Sedang,Perempuan,1.73
Quentin Quincy,40,61.2,157,Sedang,Perempuan,2.14
Fiona Quinn,46,80.2,181,Sedang,Perempuan,2.81
Xander Hayes,19,64.4,170,Tinggi,Perempuan,2.25
Clara Vaughn,48,50.5,156,Tinggi,Laki-laki,1.77
Vinnie Underwood,28,57.9,161,Tinggi,Perempuan,2.03
Victoria Wells,64,79.2,185,Sedang,Laki-laki,2.77
Zoe Ellis,56,64.9,182,Rendah,Laki-laki,2.27
Quentin Abbott,19,65.4,175,Sedang,Perempuan,2.29
Quentin Young,61,49.3,157,Sedang,Laki-laki,1.73
Asher Trevino,49,69.7,172,Sedang,Laki-laki,2.44
Scarlett Price,65,72.7,178,Sedang,Perempuan,2.54
Nina Rogers,59,68.3,186,Rendah,Perempuan,2.39
Skyler Young,59,50.3,166,Rendah,Laki-laki,1.76
Kendall Hughes,34,70.1,170,Rendah,Laki-laki,2.45
Victoria Fox,30,79.9,190,Tinggi,Laki-laki,2.8
Ethan Quinn,20,63.1,167,Sedang,Laki-laki,2.21
Adrian West,58,87.5,189,Rendah,Laki-laki,3.06
Daisy Xenos,37,65.2,175,Tinggi,Perempuan,2.28
Kendall Nguyen,62,61.7,159,Sedang,Perempuan,2.16
Lily Edwards,52,84.0,187,Sedang,Perempuan,2.94
Hazel Hughes,45,59.3,176,Tinggi,Perempuan,2.08
Jade Prescott,47,55.3,157,Tinggi,Perempuan,1.94
Uri Barnes,43,69.7,187,Sedang,Laki-laki,2.44
Umber Bennett,41,45.4,157,Rendah,Laki-laki,1.59
Fiona Prescott,47,67.3,169,Sedang,Laki-laki,2.36
Elena Caldwell,35,58.6,176,Rendah,Perempuan,2.05
Julian Trevino,21,46.6,158,Tinggi,Perempuan,1.63
Mason Diaz,65,66.9,182,Rendah,Laki-laki,2.34
Bella Reed,45,65.1,177,Tinggi,Perempuan,2.28
Nathan Griffin,57,53.2,155,Rendah,Perempuan,1.86
Wesley Garcia,50,70.1,180,Tinggi,Perempuan,2.45
Peyton York,37,51.6,154,Tinggi,Perempuan,1.81
Samuel Young,56,72.9,176,Tinggi,Laki-laki,2.55
Wyatt Irwin,33,60.8,159,Rendah,Perempuan,2.13
Kendall Ellis,44,64.4,162,Tinggi,Laki-laki,2.25
Rose Harris,43,67.4,168,Tinggi,Laki-laki,2.36
Ivy Love,24,64.4,166,Sedang,Perempuan,2.25
Logan Rogers,56,66.9,164,Rendah,Perempuan,2.34
Chloe Garcia,23,50.2,162,Rendah,Laki-laki,1.76
Luna Bishop,19,74.8,184,Rendah,Perempuan,2.62
Ethan Lane,44,76.3,189,Rendah,Laki-laki,2.67
Lily Ward,37,67.4,171,Tinggi,Perempuan,2.36
Winter Clark,22,47.0,157,Sedang,Laki-laki,1.65
Quinn Lane,42,49.0,156,Sedang,Perempuan,1.72
Carter Parker,48,63.6,166,Tinggi,Laki-laki,2.23
Mason Reed,65,57.1,161,Rendah,Perempuan,2.0
Indie Quincy,23,67.3,188,Sedang,Perempuan,2.36
Penelope Valdez,44,73.3,186,Rendah,Laki-laki,2.57
Clara Abbott,35,84.7,188,Rendah,Perempuan,2.96
Audrey Grant,49,63.6,184,Tinggi,Perempuan,2.23
Oakley Griffin,48,72.1,189,Sedang,Perempuan,2.52
Peyton Underwood,28,60.6,183,Sedang,Laki-laki,2.12
Micah Knight,47,59.4,159,Sedang,Laki-laki,2.08
Jules Keller,19,50.1,152,Tinggi,Laki-laki,1.75
Luna Vaughn,33,49.5,156,Tinggi,Laki-laki,1.73
Emerson Day,18,48.6,155,Sedang,Perempuan,1.7
Luna Ulrich,60,48.2,152,Rendah,Laki-laki,1.69
Owen Sinclair,32,69.2,184,Rendah,Laki-laki,2.42
Zoe Stone,47,73.4,188,Rendah,Perempuan,2.57
Rose Ross,18,52.1,167,Sedang,Perempuan,1.82
Luna Zimmerman,51,64.6,178,Tinggi,Perempuan,2.26
Samuel Powell,20,55.7,161,Sedang,Perempuan,1.95
Riley Nguyen,45,74.5,175,Rendah,Laki-laki,2.61
Bella Ulrich,34,78.5,181,Tinggi,Perempuan,2.75
Indie King,31,78.7,183,Tinggi,Laki-laki,2.75
Lennox Vaughn,25,58.8,163,Tinggi,Perempuan,2.06
Miles Anderson,36,56.6,151,Tinggi,Perempuan,1.98
Marley Boone,46,60.5,176,Sedang,Laki-laki,2.12
Jade Turner,33,52.5,156,Sedang,Laki-laki,1.84
Ruby Rogers,24,74.5,174,Rendah,Perempuan,2.61
Tessa Diaz,58,82.6,183,Rendah,Laki-laki,2.89
Quinn Lopez,28,56.4,163,Rendah,Laki-laki,1.97
Gavin Griffin,51,74.7,186,Sedang,Laki-laki,2.61
Jules Walker,49,51.4,164,Tinggi,Perempuan,1.8
Kai Gray,42,57.1,165,Sedang,Perempuan,2.0
Daisy Sharp,19,69.7,168,Tinggi,Perempuan,2.44
Aria Knight,43,56.6,159,Rendah,Laki-laki,1.98
Nathan Blake,36,65.6,169,Sedang,Perempuan,2.3
Umber Morgan,51,52.1,168,Sedang,Perempuan,1.82
Scarlett York,31,61.0,161,Sedang,Perempuan,2.14
Miles Lane,41,59.2,157,Sedang,Perempuan,2.07
Wesley Dalton,20,63.6,163,Rendah,Laki-laki,2.23
Caleb Ulrich,25,78.3,178,Tinggi,Laki-laki,2.74
Asher Walker,40,54.9,166,Rendah,Laki-laki,1.92
Ruby Brooks,65,68.1,190,Sedang,Laki-laki,2.38
Lennox Young,41,64.0,180,Rendah,Laki-laki,2.24
Zane Diaz,53,44.0,152,Tinggi,Perempuan,1.54
Vinnie Quincy,20,66.8,183,Rendah,Perempuan,2.34
Elena Lopez,29,52.2,157,Tinggi,Laki-laki,1.83
Levi Nash,24,73.3,172,Rendah,Perempuan,2.57
Daisy York,22,58.8,155,Tinggi,Laki-laki,2.06
Wyatt Brooks,40,67.4,181,Tinggi,Laki-laki,2.36
Emerson Hayes,62,61.8,158,Sedang,Perempuan,2.16
Zuri King,29,66.4,175,Rendah,Perempuan,2.32
Zoe Vaughn,20,80.2,183,Rendah,Laki-laki,2.81
Nora Easton,53,44.0,156,Sedang,Perempuan,1.54
Tessa Grant,54,52.4,160,Tinggi,Laki-laki,1.83
Winter Jacobs,60,50.3,159,Sedang,Laki-laki,1.76
Jack Caldwell,31,57.7,172,Rendah,Perempuan,2.02
Aria Foster,33,68.3,173,Tinggi,Perempuan,2.39
Grace Lopez,45,68.9,188,Rendah,Perempuan,2.41
Micah Ulrich,20,67.1,178,Tinggi,Laki-laki,2.35
Piper Peters,60,58.2,168,Sedang,Laki-laki,2.04
Peyton Stewart,48,57.5,171,Rendah,Laki-laki,2.01
Chloe Keller,58,67.4,172,Tinggi,Laki-laki,2.36
Silas Nguyen,49,64.1,170,Sedang,Laki-laki,2.24
Ivy Trevino,21,70.0,185,Rendah,Perempuan,2.45
Ella Griffin,36,54.0,157,Tinggi,Laki-laki,1.89
Owen Irwin,64,61.9,175,Tinggi,Perempuan,2.17
Rose Peters,58,62.2,158,Rendah,Laki-laki,2.18
Elias Gray,40,59.7,169,Sedang,Laki-laki,2.09
Hazel Barnes,54,59.8,155,Sedang,Perempuan,2.09
Lennox Underwood,52,55.4,174,Sedang,Laki-laki,1.94
Grayson Simmons,53,77.7,187,Tinggi,Laki-laki,2.72
Ryan Owens,45,60.8,156,Sedang,Laki-laki,2.13
Miles Garcia,25,49.4,150,Sedang,Perempuan,1.73
Asher Ward,28,75.3,185,Sedang,Perempuan,2.64
Aria Sinclair,28,50.5,163,Tinggi,Laki-laki,1.77
Scarlett Sinclair,52,71.0,181,Tinggi,Laki-laki,2.49
Kendall York,65,76.8,183,Sedang,Laki-laki,2.69
Vera Jacobs,57,72.5,190,Tinggi,Perempuan,2.54
Nora Fox,38,56.5,159,Tinggi,Perempuan,1.98
Jack Mitchell,51,53.6,152,Rendah,Perempuan,1.88
Micah Jefferson,55,70.0,181,Rendah,Perempuan,2.45
Zoe Keaton,25,81.9,182,Rendah,Perempuan,2.87
Skyler Stewart,39,59.1,172,Tinggi,Laki-laki,2.07
Jules Fleming,20,57.9,175,Sedang,Perempuan,2.03
Lily Ramsey,61,52.9,165,Rendah,Perempuan,1.85
Bella Lopez,23,52.0,164,Tinggi,Perempuan,1.82
Emerson Fox,38,56.6,174,Tinggi,Laki-laki,1.98
Ruby Stewart,29,47.2,152,Rendah,Perempuan,1.65
Samuel Owens,51,62.5,183,Sedang,Perempuan,2.19
Xander Mitchell,30,55.0,167,Sedang,Perempuan,1.93
Piper Ellis,51,51.8,156,Sedang,Laki-laki,1.81
Nora Harris,61,46.8,151,Tinggi,Perempuan,1.64
Drew Keaton,27,60.5,183,Sedang,Laki-laki,2.12
Drew Morgan,21,55.1,153,Sedang,Perempuan,1.93
Yara Keller,40,80.3,180,Tinggi,Laki-laki,2.81
Kendall Stone,27,67.8,185,Sedang,Laki-laki,2.37
Isaac Drake,63,50.4,158,Tinggi,Perempuan,1.76
Samuel Overton,60,66.2,176,Sedang,Laki-laki,2.32
Scarlett Jefferson,59,59.5,171,Tinggi,Laki-laki,2.08
Levi Stewart,43,55.9,163,Rendah,Perempuan,1.96
Scarlett Boone,24,58.4,159,Rendah,Perempuan,2.04
Micah Parker,33,81.4,187,Sedang,Perempuan,2.85
Yanis Keller,30,77.8,189,Tinggi,Perempuan,2.72
Julian Sinclair,39,44.4,154,Sedang,Perempuan,1.55
Lennox Ford,37,54.4,155,Rendah,Perempuan,1.9
Micah Walker,31,63.6,177,Sedang,Perempuan,2.23
Mason Hayes,61,74.7,182,Rendah,Perempuan,2.61
Piper Fox,42,45.6,156,Sedang,Laki-laki,1.6
Micah Drake,48,49.5,154,Rendah,Laki-laki,1.73
Oakley Jefferson,23,66.2,174,Rendah,Laki-laki,2.32
Yanis Ross,28,43.7,150,Sedang,Perempuan,1.53
Oscar Diaz,22,69.0,173,Sedang,Laki-laki,2.42
Miles Nash,20,65.2,179,Rendah,Laki-laki,2.28
Lily Knight,62,68.9,186,Rendah,Perempuan,2.41
Kai Prescott,63,66.1,169,Rendah,Perempuan,2.31
Logan Sharp,22,46.5,151,Sedang,Laki-laki,1.63
Gavin Wells,23,58.2,161,Sedang,Perempuan,2.04
Nathan Young,55,64.9,164,Tinggi,Laki-laki,2.27
Piper Diaz,35,56.1,154,Rendah,Laki-laki,1.96
Quentin Grant,40,66.7,168,Rendah,Laki-laki,2.33
Victoria Brooks,32,51.7,151,Rendah,Perempuan,1.81
Blake Hughes,19,53.8,161,Rendah,Perempuan,1.88
Scarlett Sharp,22,40.6,150,Rendah,Perempuan,1.42
Bella Boone,42,54.8,157,Tinggi,Laki-laki,1.92
Elias Stone,42,75.7,180,Tinggi,Perempuan,2.65
Jules Gray,18,50.7,155,Sedang,Perempuan,1.77
Asher Ross,47,53.5,169,Sedang,Perempuan,1.87
Isaac Bennett,41,53.5,162,Rendah,Perempuan,1.87
Cameron Boone,63,77.1,185,Sedang,Perempuan,2.7
Adrian Diaz,60,67.6,167,Tinggi,Laki-laki,2.37
Zane Barnes,36,51.1,158,Rendah,Laki-laki,1.79
Hazel Ford,59,66.2,167,Tinggi,Perempuan,2.32
Zuri Anderson,57,66.4,169,Rendah,Perempuan,2.32
Uri Powell,47,62.4,185,Sedang,Laki-laki,2.18
Cameron Montgomery,51,57.6,164,Rendah,Perempuan,2.02
Aiden Morgan,42,53.1,166,Tinggi,Perempuan,1.86
Cameron Winslow,22,60.0,156,Rendah,Laki-laki,2.1
Wesley Young,52,71.5,185,Rendah,Perempuan,2.5
Isaac Garcia,65,57.8,164,Sedang,Laki-laki,2.02
Isaac Diaz,26,47.5,151,Sedang,Laki-laki,1.66
Skyler Valdez,27,59.7,162,Tinggi,Perempuan,2.09
Vera Keaton,26,70.2,185,Tinggi,Laki-laki,2.46
Julian Gray,32,74.5,185,Tinggi,Laki-laki,2.61
Emerson Harris,42,54.9,162,Rendah,Perempuan,1.92
Rose Vaughn,60,73.6,187,Tinggi,Laki-laki,2.58
Quentin Peters,54,61.0,162,Sedang,Perempuan,2.14
Owen Winslow,58,62.1,167,Tinggi,Laki-laki,2.17
Ryan Garcia,32,75.9,186,Sedang,Laki-laki,2.66
Grayson Gray,38,46.3,158,Rendah,Laki-laki,1.62
Carter Ellis,54,62.4,186,Sedang,Perempuan,2.18
Ivy Parker,19,53.8,171,Tinggi,Perempuan,1.88
Grace King,22,51.9,164,Sedang,Perempuan,1.82
Finley Valdez,42,59.2,167,Rendah,Perempuan,2.07
Xander Reed,37,59.9,169,Rendah,Laki-laki,2.1
Aria Easton,26,60.2,162,Sedang,Laki-laki,2.11
Peyton Abbott,38,47.6,155,Sedang,Perempuan,1.67
Riley Xenos,58,74.9,187,Rendah,Perempuan,2.62
Samuel Sharp,47,56.4,171,Tinggi,Laki-laki,1.97
Levi Nguyen,51,57.1,177,Rendah,Laki-laki,2.0
Ella Jefferson,36,83.9,184,Tinggi,Laki-laki,2.94
Jules Diaz,31,59.2,159,Rendah,Laki-laki,2.07
Penelope Wells,60,70.1,176,Rendah,Laki-laki,2.45
Ella Reed,30,50.3,150,Rendah,Perempuan,1.76
Owen Owens,18,61.5,178,Tinggi,Perempuan,2.15
Ruby Powell,42,67.4,174,Tinggi,Perempuan,2.36
Peyton Foster,45,70.2,168,Rendah,Laki-laki,2.46
Ella Easton,60,55.7,153,Sedang,Laki-laki,1.95
Carter Ford,61,51.6,158,Tinggi,Laki-laki,1.81
Peyton Blake,52,55.3,175,Tinggi,Perempuan,1.94
Emerson King,55,54.1,151,Tinggi,Perempuan,1.89
Aiden Ross,63,52.1,169,Rendah,Perempuan,1.82
Jack Grant,44,67.8,175,Rendah,Perempuan,2.37
Clara Wells,48,48.6,153,Sedang,Perempuan,1.7
Piper Ramsey,35,64.6,188,Sedang,Perempuan,2.26
Adrian Ellis,20,62.0,169,Sedang,Laki-laki,2.17
Samuel Zeller,44,50.7,152,Rendah,Perempuan,1.77
Penelope Reed,25,43.0,152,Rendah,Perempuan,1.51
Elena Ross,38,51.8,156,Sedang,Laki-laki,1.81
Jade Edwards,48,50.4,164,Rendah,Perempuan,1.76
Ethan Ramsey,51,67.5,170,Tinggi,Perempuan,2.36
Ruby Hayes,53,55.7,152,Rendah,Laki-laki,1.95
Quinn Jacobs,25,55.0,167,Tinggi,Laki-laki,1.93
Caleb Keaton,62,61.8,179,Sedang,Perempuan,2.16
Caleb Mitchell,51,76.5,186,Rendah,Laki-laki,2.68
Micah Caldwell,27,56.2,164,Sedang,Laki-laki,1.97
Caleb Turner,56,60.5,163,Tinggi,Laki-laki,2.12
Quinn Foster,65,57.2,174,Rendah,Perempuan,2.0
Tatum Bishop,32,51.2,154,Rendah,Laki-laki,1.79
Uri Bennett,35,74.5,187,Sedang,Laki-laki,2.61
Owen Hayes,32,51.7,163,Rendah,Laki-laki,1.81
Gavin Easton,51,66.0,166,Rendah,Perempuan,2.31
Xena Dalton,59,58.0,174,Sedang,Laki-laki,2.03
Skyler Prescott,25,51.6,160,Rendah,Laki-laki,1.81
Clara Nguyen,22,58.0,174,Tinggi,Laki-laki,2.03
Logan Blake,29,47.1,160,Tinggi,Perempuan,1.65
Hazel Dalton,33,57.7,178,Tinggi,Perempuan,2.02
Miles Trevino,50,66.5,175,Tinggi,Laki-laki,2.33
Micah Hayes,27,73.7,175,Tinggi,Laki-laki,2.58
Adrian Nash,53,82.0,184,Rendah,Laki-laki,2.87
Luna Fleming,37,58.1,164,Tinggi,Laki-laki,2.03
Ella Overton,41,57.7,163,Tinggi,Perempuan,2.02
Oscar Fleming,36,71.4,179,Rendah,Perempuan,2.5
Riley Sharp,58,66.3,171,Rendah,Perempuan,2.32
Aria Montgomery,25,79.2,181,Rendah,Laki-laki,2.77
Micah Lane,51,58.6,159,Sedang,Perempuan,2.05
Miles Diaz,34,83.8,188,Rendah,Perempuan,2.93
Blake Montgomery,48,62.2,180,Tinggi,Perempuan,2.18
Penelope Peters,36,57.5,162,Sedang,Perempuan,2.01
Asher Knight,27,58.6,165,Tinggi,Perempuan,2.05
Ryan Xenos,40,60.1,157,Sedang,Laki-laki,2.1
Isaac Xenos,53,52.9,167,Sedang,Perempuan,1.85
Owen Zeller,18,52.9,150,Rendah,Laki-laki,1.85
Penelope Harris,62,60.9,159,Tinggi,Perempuan,2.13
Lennox Peters,52,70.5,169,Tinggi,Laki-laki,2.47
Asher Keaton,55,81.0,186,Tinggi,Laki-laki,2.84
Aria Langley,46,55.9,167,Sedang,Laki-laki,1.96
Hazel Ramsey,35,58.2,168,Sedang,Laki-laki,2.04
Elias Blake,42,58.7,161,Sedang,Laki-laki,2.05
Oakley Ford,39,84.5,188,Tinggi,Perempuan,2.96
Owen Ellis,56,58.5,168,Sedang,Laki-laki,2.05
Zuri Overton,35,62.8,172,Sedang,Perempuan,2.2
Samuel Knight,55,60.6,179,Sedang,Perempuan,2.12
Hazel Fox,59,45.2,156,Rendah,Perempuan,1.58
Ella Stone,50,69.8,168,Sedang,Laki-laki,2.44
Avery Hawkins,39,77.7,182,Rendah,Laki-laki,2.72
Nathan Keaton,47,67.1,186,Sedang,Perempuan,2.35
Audrey Nash,20,61.1,161,Tinggi,Perempuan,2.14
Kai Ingram,46,54.7,159,Rendah,Laki-laki,1.91
Finley Boone,53,66.2,169,Rendah,Laki-laki,2.32
Winter Day,40,65.1,170,Tinggi,Perempuan,2.28
Mason Grant,36,51.2,155,Rendah,Laki-laki,1.79
Piper Keaton,31,71.8,184,Rendah,Perempuan,2.51
Wyatt Fleming,61,58.0,155,Rendah,Perempuan,2.03
Harper Bennett,57,50.1,156,Rendah,Laki-laki,1.75
Kendall Montgomery,45,61.1,169,Rendah,Laki-laki,2.14
Jade Parker,51,64.6,170,Rendah,Laki-laki,2.26
Chloe Winslow,56,55.6,159,Sedang,Perempuan,1.95
Daisy Edwards,32,53.2,158,Rendah,Perempuan,1.86
Grayson Price,47,57.2,160,Sedang,Laki-laki,2.0
Levi Simmons,23,68.7,178,Sedang,Perempuan,2.4
Quentin Ramsey,57,45.8,150,Sedang,Laki-laki,1.6
Jules King,36,63.1,173,Sedang,Laki-laki,2.21
Adrian Irwin,40,56.2,156,Sedang,Perempuan,1.97
Ryan Reed,55,62.4,183,Sedang,Perempuan,2.18
Audrey Lopez,25,58.8,160,Rendah,Perempuan,2.06
Clara Griffin,43,58.2,168,Sedang,Perempuan,2.04
Nora Anderson,47,51.0,151,Tinggi,Laki-laki,1.79
Xander Blake,62,54.7,159,Rendah,Laki-laki,1.91
Uri Sinclair,52,66.4,180,Sedang,Laki-laki,2.32
Ryan Blake,25,59.0,167,Tinggi,Perempuan,2.07
Asher Gray,21,70.4,179,Sedang,Perempuan,2.46
Cameron Xenos,43,56.2,173,Rendah,Perempuan,1.97
Silas Fox,23,60.6,162,Rendah,Perempuan,2.12
Elena Fox,65,64.6,189,Tinggi,Laki-laki,2.26
Nathan Winslow,51,84.2,189,Rendah,Laki-laki,2.95
Zoe Turner,50,60.5,169,Tinggi,Perempuan,2.12
Clara Hayes,27,60.5,170,Rendah,Laki-laki,2.12
Xander Peters,32,57.4,163,Rendah,Perempuan,2.01
Umber Stone,55,46.8,157,Tinggi,Perempuan,1.64
Adrian Lopez,23,66.4,183,Tinggi,Laki-laki,2.32
Lennox Irwin,23,60.7,183,Rendah,Laki-laki,2.12
Daisy Bennett,60,70.3,172,Rendah,Laki-laki,2.46
Wesley Nash,53,54.9,151,Rendah,Perempuan,1.92
Carter Vaughn,37,61.8,178,Tinggi,Laki-laki,2.16
Oakley Sharp,51,76.4,182,Rendah,Perempuan,2.67
Chloe Valdez,53,54.6,159,Tinggi,Laki-laki,1.91
Lennox Reed,41,63.5,181,Sedang,Laki-laki,2.22
Grace Zimmerman,24,69.9,173,Rendah,Laki-laki,2.45
Caleb Ross,36,74.3,174,Sedang,Laki-laki,2.6
Ruby Ingram,55,55.2,152,Tinggi,Laki-laki,1.93
Ella Drake,27,85.1,186,Tinggi,Perempuan,2.98
Wesley Blake,48,59.2,171,Sedang,Laki-laki,2.07
Ryan Barnes,19,65.0,170,Tinggi,Laki-laki,2.28
Vinnie Overton,52,65.9,184,Rendah,Laki-laki,2.31
Daisy Xu,46,69.1,167,Sedang,Laki-laki,2.42
Aria Barnes,60,50.6,153,Rendah,Perempuan,1.77
Quinn Ulrich,46,71.7,184,Sedang,Perempuan,2.51
Tatum Gray,61,59.6,172,Sedang,Perempuan,2.09
Nico Barnes,36,62.3,168,Rendah,Perempuan,2.18
Yanis Wells,54,54.2,150,Sedang,Perempuan,1.9
Lily Peters,63,72.7,180,Sedang,Perempuan,2.54
Wyatt Powell,45,49.4,158,Rendah,Laki-laki,1.73
Finley Xenos,59,72.2,185,Rendah,Laki-laki,2.53
Rose Bishop,21,67.8,180,Tinggi,Perempuan,2.37
Clara Bishop,18,66.7,185,Sedang,Laki-laki,2.33
Isaac Ross,25,45.6,152,Sedang,Perempuan,1.6
Miles Jacobs,48,66.4,174,Rendah,Laki-laki,2.32
Tatum Hayes,43,82.1,189,Tinggi,Laki-laki,2.87
Kai Brooks,38,46.9,154,Sedang,Laki-laki,1.64
Adrian Jacobs,35,60.5,173,Tinggi,Laki-laki,2.12
Xander Keller,44,46.4,150,Rendah,Perempuan,1.62
Jules Mitchell,27,78.1,182,Tinggi,Laki-laki,2.73
Clara Grant,50,59.3,156,Tinggi,Perempuan,2.08
Scarlett Anderson,31,72.1,176,Tinggi,Laki-laki,2.52
Nico Day,35,69.0,184,Tinggi,Laki-laki,2.42
Clara Dalton,65,72.3,182,Rendah,Laki-laki,2.53
Zoe Hawkins,50,59.1,174,Tinggi,Perempuan,2.07
Oscar Sinclair,49,66.9,172,Tinggi,Laki-laki,2.34
Rose Winslow,19,45.1,152,Rendah,Perempuan,1.58
Aria Irwin,36,48.4,162,Tinggi,Perempuan,1.69
Adrian Quinn,33,60.6,161,Sedang,Laki-laki,2.12
Yanis Powell,38,71.6,185,Tinggi,Laki-laki,2.51
Zuri Morgan,26,76.1,178,Rendah,Laki-laki,2.66
Vera Turner,40,80.1,183,Rendah,Laki-laki,2.8
Fiona Vaughn,63,59.9,164,Tinggi,Laki-laki,2.1
Lily Montgomery,37,60.8,163,Sedang,Perempuan,2.13
Umber Keller,25,53.7,171,Rendah,Laki-laki,1.88
Finley Wells,34,52.2,166,Rendah,Laki-laki,1.83
Wyatt Vaughn,28,62.3,164,Rendah,Perempuan,2.18
Grayson Ramsey,49,67.1,181,Rendah,Perempuan,2.35
Lennox Foster,43,79.6,185,Sedang,Laki-laki,2.79
Asher Reed,25,56.1,160,Sedang,Laki-laki,1.96
Fiona Knight,50,53.8,165,Sedang,Laki-laki,1.88
Micah Quinn,63,57.4,161,Tinggi,Laki-laki,2.01
Mason Garcia,18,60.8,177,Sedang,Laki-laki,2.13
Quentin Valdez,36,46.9,153,Rendah,Laki-laki,1.64
Harper York,52,50.7,158,Tinggi,Laki-laki,1.77
Blake York,50,48.8,160,Rendah,Perempuan,1.71
Rose Walker,35,65.5,189,Sedang,Laki-laki,2.29
Clara Diaz,37,52.7,160,Sedang,Laki-laki,1.84
Aiden Bishop,40,46.1,151,Rendah,Perempuan,1.61
Yara King,44,86.0,187,Sedang,Perempuan,3.01
Tatum Morgan,63,56.2,160,Tinggi,Laki-laki,1.97
Vera Mitchell,46,63.9,178,Sedang,Laki-laki,2.24
Skyler Price,29,59.7,177,Sedang,Laki-laki,2.09
Tessa Clark,49,69.1,180,Rendah,Perempuan,2.42
Hazel Sharp,18,54.3,161,Rendah,Perempuan,1.9
Peyton Keaton,41,66.2,164,Tinggi,Perempuan,2.32
Cameron Turner,19,49.7,165,Sedang,Laki-laki,1.74
Julian Blake,59,68.8,177,Tinggi,Laki-laki,2.41
Ryan Day,34,63.4,178,Sedang,Laki-laki,2.22
Asher Blake,63,57.6,177,Sedang,Perempuan,2.02
Drew Boone,37,47.7,160,Rendah,Laki-laki,1.67
Xena Easton,33,56.3,165,Rendah,Perempuan,1.97
Tatum Vaughn,39,63.5,164,Tinggi,Laki-laki,2.22
Nina Ingram,48,72.2,182,Rendah,Laki-laki,2.53
Chloe Powell,24,74.8,173,Sedang,Laki-laki,2.62
Vera Ramsey,52,52.8,167,Tinggi,Laki-laki,1.85
Daisy Irwin,46,55.9,159,Tinggi,Laki-laki,1.96
Vera Wells,37,64.1,166,Sedang,Laki-laki,2.24
Zoe Love,40,60.3,157,Tinggi,Laki-laki,2.11
Marley Lane,51,56.0,161,Rendah,Perempuan,1.96
Yara Quincy,38,48.8,159,Sedang,Laki-laki,1.71
Drew Ulrich,53,50.4,153,Sedang,Laki-laki,1.76
Xander Barnes,31,50.5,150,Sedang,Laki-laki,1.77
Oscar Simmons,28,52.0,156,Sedang,Laki-laki,1.82
Kai Diaz,38,73.5,189,Rendah,Perempuan,2.57
Tessa Vaughn,35,61.0,168,Tinggi,Perempuan,2.14
Tatum Wells,49,80.6,183,Tinggi,Laki-laki,2.82
Vera Easton,34,65.3,171,Rendah,Laki-laki,2.29
Nico Hawkins,51,48.9,161,Rendah,Laki-laki,1.71
Levi Hawkins,54,45.1,155,Tinggi,Perempuan,1.58
Tatum Mitchell,24,60.0,180,Tinggi,Perempuan,2.1
Oscar Brooks,38,60.3,160,Tinggi,Perempuan,2.11
Luna Nash,48,73.4,173,Rendah,Laki-laki,2.57
Kai Bishop,23,68.6,182,Sedang,Perempuan,2.4
Tatum Knight,34,78.4,181,Rendah,Laki-laki,2.74
Micah York,38,64.6,169,Rendah,Laki-laki,2.26
Uri Keller,18,51.7,161,Sedang,Laki-laki,1.81
Isaac King,61,69.0,173,Rendah,Laki-laki,2.42
Quentin Mitchell,31,65.0,189,Tinggi,Laki-laki,2.28
Daisy Quinn,33,56.5,174,Tinggi,Perempuan,1.98
Jack Gray,21,57.1,162,Tinggi,Perempuan,2.0
Jules Love,32,50.5,156,Rendah,Perempuan,1.77
Nathan Sharp,37,54.2,165,Rendah,Perempuan,1.9
Wyatt Jefferson,61,57.4,158,Rendah,Laki-laki,2.01
Quentin Brooks,47,62.8,165,Rendah,Laki-laki,2.2
Zoe Ulrich,63,76.3,186,Sedang,Laki-laki,2.67
Clara Owens,54,75.0,177,Sedang,Laki-laki,2.63
Caleb Vaughn,19,51.9,164,Rendah,Laki-laki,1.82
Riley Ross,31,58.0,156,Sedang,Laki-laki,2.03
Hazel Parker,65,73.7,176,Tinggi,Laki-laki,2.58
Adrian Abbott,45,65.9,180,Tinggi,Laki-laki,2.31
Quentin Blake,39,72.1,170,Sedang,Perempuan,2.52
Jules Underwood,48,84.9,189,Tinggi,Perempuan,2.97
Oscar Vaughn,35,55.4,153,Sedang,Perempuan,1.94
Micah Xenos,45,70.0,172,Tinggi,Perempuan,2.45
Isaac Irwin,44,54.0,152,Sedang,Laki-laki,1.89
Scarlett Fleming,60,79.9,184,Rendah,Perempuan,2.8
Clara Ulrich,34,65.9,176,Tinggi,Perempuan,2.31
Ruby Jacobs,46,49.1,163,Tinggi,Perempuan,1.72
Kai Hawkins,35,81.2,184,Tinggi,Laki-laki,2.84
Indie Ford,40,72.8,176,Tinggi,Perempuan,2.55
Chloe Price,48,68.4,168,Rendah,Laki-laki,2.39
Fiona Ford,40,57.1,172,Rendah,Laki-laki,2.0
Luna West,53,47.8,150,Rendah,Laki-laki,1.67
Gavin Trevino,31,53.0,156,Sedang,Laki-laki,1.86
Grace Zeller,50,53.7,156,Rendah,Laki-laki,1.88
Ella Sharp,26,64.5,186,Rendah,Laki-laki,2.26
Ella Walker,36,44.4,154,Rendah,Perempuan,1.55
Marley Hawkins,59,79.4,186,Rendah,Perempuan,2.78
Yanis King,20,55.3,172,Rendah,Perempuan,1.94
Aiden Love,22,60.9,173,Rendah,Laki-laki,2.13
Skyler Turner,55,69.8,178,Sedang,Perempuan,2.44
Oakley Price,44,66.6,182,Rendah,Laki-laki,2.33
Harper Price,18,66.4,174,Tinggi,Perempuan,2.32
Drew Xu,57,59.5,173,Sedang,Perempuan,2.08
Wyatt Foster,32,66.0,185,Tinggi,Laki-laki,2.31
Julian Reed,63,59.1,170,Sedang,Perempuan,2.07
Caleb Winslow,42,72.9,181,Tinggi,Perempuan,2.55
Xena Prescott,63,61.7,167,Tinggi,Laki-laki,2.16
Samuel Jacobs,56,47.5,155,Rendah,Laki-laki,1.66
Quentin West,35,61.7,169,Sedang,Perempuan,2.16
Vera Hughes,44,53.2,171,Rendah,Laki-laki,1.86
Levi Xenos,28,75.0,183,Rendah,Perempuan,2.63
Penelope Overton,55,45.6,155,Tinggi,Laki-laki,1.6
Quentin Price,40,48.7,159,Rendah,Perempuan,1.7
Silas Grant,27,53.3,158,Tinggi,Laki-laki,1.87
Ivy Rogers,29,63.3,174,Sedang,Laki-laki,2.22
Cameron Love,28,57.2,156,Rendah,Perempuan,2.0
Vinnie Diaz,62,79.8,186,Sedang,Laki-laki,2.79
Ethan Vaughn,39,52.2,153,Sedang,Perempuan,1.83
Elena Nguyen,33,56.7,157,Tinggi,Perempuan,1.98
Kendall Winslow,36,61.1,184,Sedang,Laki-laki,2.14
Owen Xenos,62,48.3,162,Tinggi,Perempuan,1.69
Kendall Morgan,65,44.5,152,Sedang,Laki-laki,1.56
Zoe Hayes,63,45.4,150,Sedang,Laki-laki,1.59
Aria Xu,44,77.5,187,Sedang,Perempuan,2.71
Zane Zeller,37,68.6,179,Tinggi,Perempuan,2.4
Bella Quinn,51,52.0,161,Tinggi,Laki-laki,1.82
Grace Owens,48,47.0,152,Tinggi,Perempuan,1.65
Carter Sharp,62,50.1,154,Rendah,Perempuan,1.75
Ryan Rogers,49,83.3,188,Sedang,Perempuan,2.92
Victoria Bishop,44,60.9,168,Sedang,Perempuan,2.13
Uri Abbott,28,67.1,186,Rendah,Perempuan,2.35
Tessa Mitchell,30,67.3,184,Rendah,Perempuan,2.36
Clara Langley,22,59.5,174,Tinggi,Laki-laki,2.08
Oakley Clark,42,67.8,175,Sedang,Laki-laki,2.37
Uri Prescott,26,69.7,180,Rendah,Perempuan,2.44
Asher Peters,44,53.0,154,Rendah,Perempuan,1.86
Quinn Zimmerman,24,60.1,162,Rendah,Perempuan,2.1
Aiden Garcia,43,53.3,172,Sedang,Laki-laki,1.87
Winter Boone,55,44.9,157,Sedang,Laki-laki,1.57
Skyler Hayes,59,44.0,150,Rendah,Laki-laki,1.54
Harper Prescott,46,52.6,152,Sedang,Perempuan,1.84
Jack Parker,45,84.8,185,Rendah,Laki-laki,2.97
Quentin Harris,19,60.9,175,Sedang,Perempuan,2.13
Cameron Clark,59,60.8,169,Sedang,Perempuan,2.13
Miles Jefferson,21,79.7,188,Rendah,Perempuan,2.79
Nico Edwards,30,75.6,187,Tinggi,Laki-laki,2.65
Scarlett Foster,32,61.7,173,Tinggi,Laki-laki,2.16
Samuel Caldwell,23,64.4,170,Rendah,Perempuan,2.25
Caleb Parker,41,65.3,186,Rendah,Perempuan,2.29
Julian Montgomery,35,81.7,187,Tinggi,Laki-laki,2.86
Lily Mitchell,21,67.1,189,Tinggi,Laki-laki,2.35
Emerson Hawkins,35,89.4,190,Rendah,Perempuan,3.13
Mason Winslow,43,54.7,157,Rendah,Perempuan,1.91
Jade Barnes,64,43.0,152,Tinggi,Laki-laki,1.51
Uri Diaz,21,67.5,168,Sedang,Perempuan,2.36
Emerson Ulrich,51,53.7,164,Tinggi,Laki-laki,1.88
Quinn Xenos,46,53.8,166,Rendah,Perempuan,1.88
Piper Zeller,57,45.5,152,Sedang,Perempuan,1.59
Grayson Stewart,63,43.8,154,Sedang,Laki-laki,1.53
Isaac Young,24,72.6,179,Rendah,Perempuan,2.54
Zane Dalton,50,59.8,175,Tinggi,Laki-laki,2.09
Scarlett Wells,22,67.9,169,Sedang,Perempuan,2.38
Marley Peters,58,56.6,161,Tinggi,Perempuan,1.98
Peyton Hughes,60,66.9,164,Sedang,Perempuan,2.34
Tatum Lopez,33,61.0,177,Sedang,Perempuan,2.14
Bella Hughes,51,69.5,181,Sedang,Perempuan,2.43
Skyler Edwards,23,54.6,159,Sedang,Perempuan,1.91
Skyler Diaz,31,62.7,183,Sedang,Laki-laki,2.19
Nico Hughes,21,52.9,171,Rendah,Perempuan,1.85
Riley Owens,48,50.3,155,Sedang,Laki-laki,1.76
Zuri Ward,38,67.9,174,Sedang,Perempuan,2.38
Lennox Bennett,63,59.0,163,Rendah,Perempuan,2.07
Blake Irwin,56,74.0,185,Tinggi,Perempuan,2.59
Avery Overton,59,71.8,185,Sedang,Laki-laki,2.51
Gavin Foster,46,56.6,154,Tinggi,Laki-laki,1.98
Daisy Day,63,64.2,180,Sedang,Laki-laki,2.25
Jules Nash,52,67.4,187,Rendah,Perempuan,2.36
Uri Brooks,27,65.0,172,Tinggi,Perempuan,2.28
Wyatt Ulrich,20,60.3,165,Sedang,Laki-laki,2.11
Nathan King,61,46.1,151,Rendah,Laki-laki,1.61
Drew Lane,38,61.1,179,Sedang,Perempuan,2.14
Adrian Hawkins,47,61.0,161,Tinggi,Perempuan,2.14
Nora Overton,23,46.8,150,Tinggi,Perempuan,1.64
Wyatt Sinclair,34,52.4,154,Tinggi,Laki-laki,1.83
Lennox Caldwell,21,58.9,157,Tinggi,Perempuan,2.06
Vera Stewart,49,79.5,190,Rendah,Laki-laki,2.78
Nathan Turner,21,60.9,179,Tinggi,Perempuan,2.13
Marley Xenos,47,53.7,150,Rendah,Laki-laki,1.88
Grayson Xu,19,57.4,168,Sedang,Perempuan,2.01
Bella Barnes,62,52.3,152,Tinggi,Laki-laki,1.83
Ella Rogers,42,65.9,188,Rendah,Perempuan,2.31
Caleb Garcia,50,51.3,165,Sedang,Laki-laki,1.8
Mason Caldwell,21,71.7,181,Tinggi,Perempuan,2.51
Micah Barnes,43,74.9,187,Rendah,Perempuan,2.62
Ethan Underwood,20,55.9,169,Tinggi,Perempuan,1.96
Fiona Garcia,52,62.1,160,Sedang,Laki-laki,2.17
Chloe Lane,47,57.9,173,Sedang,Laki-laki,2.03
Luna Ward,38,49.1,156,Rendah,Perempuan,1.72
Ivy Quincy,19,56.9,156,Rendah,Perempuan,1.99
Nina Bishop,35,69.7,172,Rendah,Perempuan,2.44
Emerson Dalton,51,60.2,157,Tinggi,Laki-laki,2.11
Hazel Xenos,37,59.7,165,Tinggi,Perempuan,2.09
Audrey Wells,46,74.0,179,Tinggi,Perempuan,2.59
Cameron Hughes,45,71.5,174,Tinggi,Perempuan,2.5
Adrian Xenos,44,61.1,169,Sedang,Laki-laki,2.14
Quinn Quincy,56,60.5,158,Rendah,Perempuan,2.12
Wesley Rogers,60,52.5,163,Rendah,Laki-laki,1.84
Nico Quinn,59,53.4,171,Sedang,Laki-laki,1.87
Kai Lopez,46,59.7,170,Rendah,Perempuan,2.09
Emerson Grant,43,77.0,190,Sedang,Laki-laki,2.7
Yanis Underwood,65,57.7,172,Rendah,Perempuan,2.02
Rose Diaz,57,66.5,181,Tinggi,Laki-laki,2.33
Vera Keller,20,77.6,180,Tinggi,Perempuan,2.72
Adrian Sharp,24,71.1,172,Sedang,Perempuan,2.49
Kai Foster,36,49.5,157,Sedang,Laki-laki,1.73
Ella Trevino,36,64.1,176,Sedang,Laki-laki,2.24
Oakley Hayes,29,68.5,169,Rendah,Laki-laki,2.4
Yara Price,51,50.3,155,Tinggi,Laki-laki,1.76
Ryan Langley,42,66.9,170,Sedang,Laki-laki,2.34
Owen Nash,57,82.2,185,Rendah,Perempuan,2.88
Elena Keaton,57,58.9,160,Sedang,Perempuan,2.06
Uri Mitchell,54,51.6,169,Tinggi,Laki-laki,1.81
Gavin West,57,54.3,171,Sedang,Perempuan,1.9
Umber Peters,33,66.1,181,Tinggi,Laki-laki,2.31
Gavin Owens,31,55.2,172,Tinggi,Perempuan,1.93
Asher Xu,61,57.9,170,Sedang,Perempuan,2.03
Winter Irwin,28,73.7,179,Tinggi,Laki-laki,2.58
Lily Xu,42,66.2,185,Sedang,Laki-laki,2.32
Zuri Ulrich,61,56.9,167,Rendah,Perempuan,1.99
Penelope Bennett,32,60.0,171,Tinggi,Perempuan,2.1
Skyler Jacobs,27,64.5,171,Sedang,Perempuan,2.26
Elias Rogers,61,81.4,187,Tinggi,Perempuan,2.85
Lennox Overton,57,59.9,157,Sedang,Laki-laki,2.1
Isaac Parker,24,46.4,158,Tinggi,Perempuan,1.62
Penelope Ford,51,65.3,182,Rendah,Perempuan,2.29
Lennox Easton,49,78.2,189,Sedang,Laki-laki,2.74
Wesley Powell,47,60.5,174,Rendah,Perempuan,2.12
Julian Langley,27,75.4,180,Sedang,Perempuan,2.64
Zoe Stewart,29,55.2,158,Tinggi,Laki-laki,1.93
Caleb Love,20,77.5,185,Tinggi,Laki-laki,2.71
Aria Grant,31,52.8,150,Sedang,Perempuan,1.85
Nico Reed,50,43.0,152,Rendah,Laki-laki,1.51
Ruby Turner,64,44.4,157,Rendah,Perempuan,1.55
Oscar Trevino,22,59.6,172,Tinggi,Perempuan,2.09
Avery Abbott,24,80.9,181,Rendah,Perempuan,2.83
Asher Foster,43,54.7,163,Sedang,Laki-laki,1.91
Drew Caldwell,30,68.8,180,Sedang,Perempuan,2.41
Owen Langley,27,54.9,151,Sedang,Perempuan,1.92
Nathan Price,38,52.7,161,Sedang,Perempuan,1.84
Kendall Wells,54,47.7,151,Rendah,Laki-laki,1.67
Scarlett Fox,34,55.4,164,Sedang,Perempuan,1.94
Harper Nguyen,40,45.1,153,Rendah,Laki-laki,1.58
Vera Rogers,57,46.6,151,Rendah,Perempuan,1.63
Lily Owens,33,86.0,186,Tinggi,Laki-laki,3.01
Harper Ford,60,56.7,162,Tinggi,Perempuan,1.98
Yanis Nguyen,51,59.6,160,Tinggi,Laki-laki,2.09
Gavin Ingram,48,50.2,150,Tinggi,Laki-laki,1.76
Miles Fleming,59,63.9,166,Rendah,Laki-laki,2.24
Vinnie Fleming,62,61.7,172,Tinggi,Laki-laki,2.16
Ivy Reed,62,60.5,160,Sedang,Laki-laki,2.12
Nina Nguyen,20,56.1,163,Tinggi,Laki-laki,1.96
Fiona Zimmerman,24,47.1,157,Tinggi,Perempuan,1.65
Owen Fleming,57,70.7,169,Rendah,Perempuan,2.47
Cameron Jefferson,39,57.7,158,Tinggi,Laki-laki,2.02
Ella King,59,49.8,161,Sedang,Perempuan,1.74
Asher Ulrich,24,67.0,189,Tinggi,Perempuan,2.35
Jade Price,28,69.3,170,Rendah,Perempuan,2.43
Xander Drake,63,52.0,162,Sedang,Laki-laki,1.82
Gavin Dalton,43,58.9,155,Rendah,Perempuan,2.06
Adrian Garcia,32,70.7,185,Tinggi,Perempuan,2.47
Victoria York,63,87.3,190,Tinggi,Laki-laki,3.06
Daisy Quincy,31,43.0,150,Tinggi,Perempuan,1.51
Luna Bennett,27,80.3,189,Rendah,Laki-laki,2.81
Zoe Hughes,30,64.9,189,Rendah,Laki-laki,2.27
Owen Keaton,34,53.4,158,Rendah,Laki-laki,1.87
Logan Morgan,37,64.2,177,Tinggi,Laki-laki,2.25
Uri Easton,52,51.7,155,Tinggi,Laki-laki,1.81
Yanis Ward,49,65.7,165,Tinggi,Perempuan,2.3
Yara Xenos,64,44.4,152,Tinggi,Laki-laki,1.55
Nico Knight,23,83.9,189,Sedang,Perempuan,2.94
Xena Harris,53,71.5,189,Rendah,Laki-laki,2.5
Scarlett Hughes,25,48.8,151,Rendah,Laki-laki,1.71
Ruby Blake,57,55.9,160,Rendah,Laki-laki,1.96
Julian Fox,28,54.0,154,Tinggi,Laki-laki,1.89
Nina Anderson,43,70.2,168,Sedang,Laki-laki,2.46
Scarlett Ramsey,36,64.1,177,Sedang,Perempuan,2.24
Victoria Quinn,53,77.7,187,Tinggi,Perempuan,2.72
Luna Abbott,59,65.3,189,Rendah,Perempuan,2.29
Fiona Reed,42,55.8,151,Sedang,Perempuan,1.95
Levi Gray,56,56.3,170,Sedang,Perempuan,1.97
Fiona Stewart,53,58.2,153,Tinggi,Perempuan,2.04
Miles Winslow,65,65.1,166,Tinggi,Laki-laki,2.28
Finley Xu,53,77.8,182,Tinggi,Perempuan,2.72
Kendall Griffin,43,62.6,171,Sedang,Laki-laki,2.19
Caleb Lane,59,51.9,156,Sedang,Perempuan,1.82
Levi Morgan,63,74.1,184,Rendah,Laki-laki,2.59
Jules Harris,55,75.6,189,Rendah,Laki-laki,2.65
Indie Brooks,44,66.9,170,Tinggi,Laki-laki,2.34
Riley Turner,47,60.5,163,Sedang,Laki-laki,2.12
Lennox Mitchell,53,47.2,154,Sedang,Perempuan,1.65
Elias Brooks,20,42.5,152,Sedang,Perempuan,1.49
Micah Lopez,27,83.3,184,Tinggi,Perempuan,2.92
Daisy Drake,31,58.4,178,Sedang,Perempuan,2.04
Yanis Parker,37,58.4,179,Rendah,Laki-laki,2.04
Micah Nguyen,39,53.8,158,Sedang,Laki-laki,1.88
Kai Hayes,45,63.0,172,Sedang,Perempuan,2.21
Uri Irwin,45,66.0,166,Tinggi,Perempuan,2.31
Nico Lopez,22,45.7,157,Sedang,Laki-laki,1.6
Cameron Wells,19,69.6,190,Rendah,Perempuan,2.44
Ivy Knight,58,48.7,162,Tinggi,Laki-laki,1.7
Nico Jefferson,18,57.0,171,Tinggi,Perempuan,2.0
Xena Price,31,71.9,190,Tinggi,Laki-laki,2.52
Blake Mitchell,51,47.9,151,Tinggi,Laki-laki,1.68
Aria Fox,63,54.2,157,Rendah,Laki-laki,1.9
Audrey Fox,25,46.2,152,Rendah,Laki-laki,1.62
Miles Lopez,30,58.0,158,Sedang,Laki-laki,2.03
Drew Ramsey,19,60.3,182,Sedang,Laki-laki,2.11
Harper Morgan,21,52.5,150,Rendah,Perempuan,1.84
Lennox Garcia,24,67.3,167,Sedang,Laki-laki,2.36
Caleb Lopez,43,62.7,173,Rendah,Laki-laki,2.19
Emerson Lopez,39,68.5,174,Tinggi,Laki-laki,2.4
Quinn Price,38,73.0,174,Sedang,Laki-laki,2.56
Jack Anderson,49,50.6,159,Tinggi,Perempuan,1.77
Audrey Boone,31,76.3,182,Sedang,Laki-laki,2.67
Zuri Stewart,34,73.1,187,Tinggi,Laki-laki,2.56
Clara Ingram,36,53.4,152,Tinggi,Laki-laki,1.87
Piper Wells,21,57.9,170,Sedang,Laki-laki,2.03
Audrey Harris,23,48.2,150,Sedang,Laki-laki,1.69
Fiona Ramsey,49,45.9,153,Sedang,Laki-laki,1.61
Winter Hayes,56,73.8,182,Rendah,Laki-laki,2.58
Oakley Langley,24,58.2,179,Sedang,Perempuan,2.04
Victoria Barnes,22,79.1,181,Rendah,Perempuan,2.77
Cameron Xu,39,77.8,187,Sedang,Laki-laki,2.72
Drew Quinn,64,46.0,152,Rendah,Laki-laki,1.61
Audrey York,22,71.5,187,Sedang,Laki-laki,2.5
Jade Lane,39,41.6,151,Rendah,Perempuan,1.46
Fiona Day,50,62.1,173,Tinggi,Laki-laki,2.17
Harper Ulrich,57,54.2,150,Tinggi,Perempuan,1.9
Xander Dalton,48,70.9,187,Tinggi,Perempuan,2.48
Owen Overton,39,66.1,167,Sedang,Perempuan,2.31
Tessa Xenos,51,66.7,188,Sedang,Perempuan,2.33
Clara Trevino,27,89.3,190,Rendah,Perempuan,3.13
Avery Simmons,47,55.5,160,Tinggi,Laki-laki,1.94
Ivy Powell,32,62.4,160,Tinggi,Perempuan,2.18
Winter Ford,49,59.3,168,Sedang,Perempuan,2.08
Xander Boone,36,57.3,153,Sedang,Perempuan,2.01
Fiona Blake,59,57.3,155,Tinggi,Perempuan,2.01
Kendall Brooks,44,65.5,167,Rendah,Laki-laki,2.29
Samuel Stone,59,63.6,179,Tinggi,Perempuan,2.23
Clara Turner,33,69.8,176,Tinggi,Perempuan,2.44
Levi Xu,49,49.9,161,Sedang,Laki-laki,1.75
Jack Garcia,42,54.0,171,Tinggi,Perempuan,1.89
Ruby Ford,36,55.6,155,Sedang,Perempuan,1.95
Levi Stone,38,79.5,183,Tinggi,Perempuan,2.78
Gavin Jacobs,21,53.4,156,Rendah,Laki-laki,1.87
Zane Hawkins,31,58.7,179,Tinggi,Laki-laki,2.05
Yanis Bennett,28,68.0,186,Rendah,Perempuan,2.38
Scarlett Quincy,34,68.9,190,Tinggi,Laki-laki,2.41
Oscar Walker,31,57.4,163,Sedang,Perempuan,2.01
Quentin Owens,65,48.6,164,Tinggi,Laki-laki,1.7
Kendall Quincy,33,49.8,150,Sedang,Perempuan,1.74
Kendall Keller,60,50.0,153,Tinggi,Laki-laki,1.75
Kendall Price,40,56.7,175,Rendah,Laki-laki,1.98
Clara Keaton,59,58.9,169,Rendah,Perempuan,2.06
Oakley Blake,61,70.7,182,Rendah,Perempuan,2.47
Chloe Trevino,41,60.1,170,Sedang,Perempuan,2.1
Logan Winslow,23,47.7,157,Rendah,Laki-laki,1.67
Kai Day,20,58.0,160,Sedang,Perempuan,2.03
Elias Keller,62,76.8,186,Tinggi,Laki-laki,2.69
Nico Ulrich,22,63.8,170,Sedang,Laki-laki,2.23
Blake Overton,48,78.4,182,Tinggi,Perempuan,2.74
Scarlett Turner,21,70.8,190,Tinggi,Perempuan,2.48
Indie Gray,52,51.9,157,Rendah,Laki-laki,1.82
Tessa Morgan,22,55.9,170,Sedang,Laki-laki,1.96
Cameron Jacobs,19,47.6,162,Tinggi,Laki-laki,1.67
Blake Simmons,29,66.1,167,Sedang,Laki-laki,2.31
Nora Hawkins,23,44.8,151,Sedang,Perempuan,1.57
Yara Overton,45,84.4,185,Tinggi,Perempuan,2.95
Samuel Jefferson,23,46.0,152,Tinggi,Perempuan,1.61
Vinnie Zimmerman,23,66.1,183,Tinggi,Perempuan,2.31
Jules Fox,42,75.2,181,Tinggi,Perempuan,2.63
Grayson Keller,41,69.7,181,Tinggi,Laki-laki,2.44
Indie Caldwell,59,49.2,151,Sedang,Perempuan,1.72
Julian Valdez,43,79.8,186,Rendah,Perempuan,2.79
Winter Sinclair,56,70.2,178,Rendah,Laki-laki,2.46
Vinnie Griffin,44,55.0,153,Sedang,Laki-laki,1.93
Jack Harris,27,48.4,155,Tinggi,Laki-laki,1.69
Nathan Drake,49,75.1,180,Tinggi,Laki-laki,2.63
Samuel Edwards,42,67.9,178,Rendah,Laki-laki,2.38
Caleb Ellis,62,70.8,174,Tinggi,Perempuan,2.48
Jules Price,25,82.0,189,Sedang,Perempuan,2.87
Zane Grant,42,70.6,174,Tinggi,Laki-laki,2.47
Emerson Love,47,51.4,151,Rendah,Laki-laki,1.8
Jack Ulrich,53,77.9,177,Sedang,Perempuan,2.73
Xena Anderson,22,68.1,177,Tinggi,Perempuan,2.38
Daisy Walker,24,78.7,188,Tinggi,Perempuan,2.75
Grace Vaughn,31,67.6,185,Rendah,Laki-laki,2.37
Nico Ward,59,63.3,162,Rendah,Laki-laki,2.22
Winter Walker,23,53.0,150,Rendah,Laki-laki,1.86
Luna Easton,35,49.8,154,Tinggi,Laki-laki,1.74
Aria Xenos,58,51.9,156,Tinggi,Perempuan,1.82
Julian Drake,64,62.3,160,Sedang,Perempuan,2.18
Gavin Turner,53,55.6,166,Tinggi,Perempuan,1.95
Uri Keaton,47,56.8,159,Sedang,Perempuan,1.99
Jules Vaughn,33,56.2,156,Tinggi,Laki-laki,1.97
Victoria Rogers,30,66.2,163,Sedang,Laki-laki,2.32
Emerson Knight,34,60.1,165,Tinggi,Perempuan,2.1
Umber Parker,34,49.4,155,Rendah,Laki-laki,1.73
Yanis Morgan,25,63.0,176,Rendah,Laki-laki,2.21
Elena Jacobs,18,61.0,174,Sedang,Laki-laki,2.14
Winter Knight,20,57.5,152,Sedang,Perempuan,2.01
Clara Harris,58,89.5,190,Sedang,Laki-laki,3.13
Ryan Montgomery,27,77.4,187,Rendah,Laki-laki,2.71
Uri Foster,19,88.9,190,Sedang,Laki-laki,3.11
Piper Walker,25,60.2,180,Sedang,Perempuan,2.11
Uri Lane,46,49.3,155,Sedang,Laki-laki,1.73
Harper Grant,58,58.3,165,Sedang,Perempuan,2.04
Scarlett Powell,55,56.4,162,Sedang,Laki-laki,1.97
Skyler Simmons,52,52.3,162,Rendah,Perempuan,1.83
Winter Quinn,29,58.7,179,Rendah,Laki-laki,2.05
Quinn Sinclair,52,56.7,153,Tinggi,Perempuan,1.98
Daisy West,38,66.2,187,Tinggi,Laki-laki,2.32
Jules Sinclair,55,53.5,150,Rendah,Perempuan,1.87
Tessa King,22,54.9,173,Tinggi,Laki-laki,1.92
Victoria Knight,56,64.1,168,Sedang,Laki-laki,2.24
Wesley Sharp,42,66.4,164,Rendah,Laki-laki,2.32
Riley Nash,44,75.3,178,Sedang,Laki-laki,2.64
Aiden Nash,25,61.3,169,Sedang,Laki-laki,2.15
Caleb Knight,63,61.3,183,Tinggi,Perempuan,2.15
Kendall Trevino,25,75.8,180,Sedang,Perempuan,2.65
Caleb Trevino,56,59.2,177,Tinggi,Perempuan,2.07
Fiona Trevino,45,60.9,160,Rendah,Perempuan,2.13
Jules Ward,32,72.9,177,Tinggi,Laki-laki,2.55
Carter Turner,44,63.6,160,Rendah,Laki-laki,2.23
Ella Valdez,52,75.0,186,Tinggi,Perempuan,2.63
Jack Xu,21,82.2,189,Sedang,Perempuan,2.88
Jack Montgomery,24,55.2,153,Rendah,Laki-laki,1.93
Rose Zimmerman,31,53.6,165,Rendah,Perempuan,1.88
Penelope Langley,28,71.1,176,Sedang,Perempuan,2.49
Ethan Foster,57,82.7,186,Rendah,Perempuan,2.89
Vera Barnes,59,69.0,173,Sedang,Perempuan,2.42
Miles West,42,66.0,189,Tinggi,Perempuan,2.31
Nina Zeller,43,67.7,185,Rendah,Laki-laki,2.37
Levi Powell,27,52.5,157,Rendah,Laki-laki,1.84
Silas Ramsey,28,61.7,171,Sedang,Laki-laki,2.16
Zane Bishop,21,62.4,163,Sedang,Laki-laki,2.18
Hazel King,30,72.1,172,Sedang,Perempuan,2.52
Logan Parker,63,54.8,158,Rendah,Perempuan,1.92
Aria Lopez,42,68.4,186,Sedang,Perempuan,2.39
Xander Winslow,27,82.4,183,Rendah,Laki-laki,2.88
Elena Boone,61,62.9,180,Sedang,Laki-laki,2.2
Jack Keller,27,43.4,154,Sedang,Laki-laki,1.52
Grace Quincy,50,53.8,157,Sedang,Laki-laki,1.88
Nora Hayes,37,63.0,161,Tinggi,Perempuan,2.21
Zoe Brooks,45,59.2,157,Tinggi,Laki-laki,2.07
Adrian Young,26,68.9,178,Rendah,Perempuan,2.41
Isaac Rogers,44,55.1,154,Sedang,Laki-laki,1.93
Rose Valdez,36,48.6,164,Tinggi,Laki-laki,1.7
Harper Day,18,45.0,150,Sedang,Laki-laki,1.58
Ivy Keaton,39,63.8,186,Sedang,Laki-laki,2.23
Finley Young,30,72.9,176,Sedang,Perempuan,2.55
Victoria Anderson,48,76.9,187,Tinggi,Laki-laki,2.69
Silas Barnes,35,88.6,190,Rendah,Perempuan,3.1
Vera Ingram,33,46.1,154,Sedang,Perempuan,1.61
Silas Knight,26,58.7,169,Sedang,Laki-laki,2.05
Clara Barnes,30,68.1,189,Tinggi,Perempuan,2.38
Tatum Brooks,22,51.9,159,Tinggi,Perempuan,1.82
Zane Parker,62,43.1,151,Sedang,Perempuan,1.51
Quinn Xu,58,74.3,189,Tinggi,Laki-laki,2.6
Kendall Dalton,60,66.6,180,Rendah,Perempuan,2.33
Lennox Prescott,65,51.2,163,Sedang,Perempuan,1.79
Ryan Walker,56,58.9,163,Rendah,Perempuan,2.06
Piper Underwood,18,88.4,190,Sedang,Laki-laki,3.09
Tessa Stewart,63,50.5,160,Rendah,Laki-laki,1.77
Grace Ramsey,22,66.3,163,Sedang,Laki-laki,2.32
Miles Quinn,41,64.0,166,Sedang,Perempuan,2.24
Aiden Young,62,52.4,167,Rendah,Laki-laki,1.83
Yara Quinn,41,75.5,181,Rendah,Laki-laki,2.64
Piper Price,18,57.2,166,Sedang,Perempuan,2.0
Bella Hawkins,36,46.2,159,Sedang,Laki-laki,1.62
Grayson Bishop,40,60.8,182,Sedang,Laki-laki,2.13
Xena Day,54,56.3,170,Sedang,Laki-laki,1.97
Zane Jacobs,41,58.9,166,Sedang,Laki-laki,2.06
Zane Wells,55,52.0,150,Tinggi,Perempuan,1.82
Ryan Fleming,65,82.2,182,Sedang,Perempuan,2.88
Samuel Reed,28,83.8,188,Sedang,Laki-laki,2.93
Grayson Sinclair,34,78.2,185,Tinggi,Laki-laki,2.74
Owen Quincy,43,73.8,176,Tinggi,Laki-laki,2.58
Silas Clark,57,58.2,162,Tinggi,Perempuan,2.04
Quentin Keaton,52,67.6,174,Tinggi,Perempuan,2.37
Isaac Walker,39,70.1,189,Rendah,Perempuan,2.45
Xander Ramsey,27,56.6,174,Rendah,Perempuan,1.98
Tessa Winslow,65,80.3,187,Tinggi,Perempuan,2.81
Fiona Morgan,50,54.1,165,Tinggi,Perempuan,1.89
Drew Nash,45,65.2,165,Rendah,Laki-laki,2.28
Hazel Price,38,73.3,183,Rendah,Laki-laki,2.57
Luna Quinn,55,79.5,180,Tinggi,Laki-laki,2.78
Mason Stewart,46,57.2,163,Tinggi,Perempuan,2.0
Grayson Vaughn,36,62.0,185,Rendah,Laki-laki,2.17
Jade Mitchell,47,64.3,165,Sedang,Perempuan,2.25
Clara Caldwell,53,52.3,158,Tinggi,Laki-laki,1.83
Yanis Mitchell,64,67.7,178,Rendah,Perempuan,2.37
Uri Lopez,49,63.7,172,Rendah,Perempuan,2.23
Grace Brooks,21,72.2,173,Sedang,Perempuan,2.53
Logan Keller,55,72.1,183,Tinggi,Perempuan,2.52
Wesley Stone,60,63.6,178,Tinggi,Perempuan,2.23
Silas Xenos,56,62.0,185,Tinggi,Laki-laki,2.17
Oakley Day,45,50.6,157,Tinggi,Perempuan,1.77
Zoe Caldwell,44,70.0,180,Rendah,Laki-laki,2.45
Grace Ross,44,72.2,177,Tinggi,Laki-laki,2.53
Drew Hawkins,48,80.1,184,Rendah,Laki-laki,2.8
Wyatt Winslow,48,74.0,177,Sedang,Laki-laki,2.59
Ruby Diaz,52,72.7,183,Sedang,Laki-laki,2.54
Penelope Ross,36,49.4,158,Rendah,Perempuan,1.73
Penelope Lane,18,61.5,166,Sedang,Perempuan,2.15
Levi Valdez,33,55.2,168,Tinggi,Laki-laki,1.93
Winter Griffin,60,79.1,181,Sedang,Perempuan,2.77
Levi Wells,50,59.9,155,Rendah,Perempuan,2.1
Jules Langley,36,75.0,184,Sedang,Laki-laki,2.63
Elena Sinclair,23,62.5,180,Sedang,Laki-laki,2.19
Quentin Love,51,56.5,151,Rendah,Perempuan,1.98
Jack Abbott,26,44.0,154,Sedang,Perempuan,1.54
Nico Trevino,25,53.4,153,Sedang,Laki-laki,1.87
Audrey Brooks,59,52.2,167,Tinggi,Perempuan,1.83
Hazel Mitchell,32,59.5,161,Rendah,Perempuan,2.08
Blake Fleming,47,72.8,175,Rendah,Laki-laki,2.55
Nina Garcia,43,70.9,190,Sedang,Laki-laki,2.48
Quentin Zeller,24,71.7,173,Tinggi,Perempuan,2.51
Riley Young,40,66.2,184,Rendah,Laki-laki,2.32
Silas Bennett,49,67.5,172,Sedang,Perempuan,2.36
Wyatt West,61,62.4,172,Tinggi,Perempuan,2.18
Julian Day,39,61.6,184,Sedang,Laki-laki,2.16
Nico Easton,64,50.3,151,Tinggi,Laki-laki,1.76
Cameron Quincy,58,79.1,190,Sedang,Laki-laki,2.77
Nora Xenos,22,52.7,160,Rendah,Perempuan,1.84
Piper Hughes,64,86.0,189,Tinggi,Laki-laki,3.01
Nico Nash,44,60.7,170,Sedang,Perempuan,2.12
Tatum Reed,43,83.7,190,Rendah,Perempuan,2.93
Indie Harris,59,57.4,152,Sedang,Perempuan,2.01
Yanis Zeller,36,52.2,154,Sedang,Perempuan,1.83
Oscar Ross,21,60.2,167,Rendah,Laki-laki,2.11
Isaac Ramsey,60,82.2,187,Tinggi,Laki-laki,2.88
Oscar Parker,58,65.1,169,Sedang,Perempuan,2.28
Wesley Brooks,42,54.7,169,Sedang,Laki-laki,1.91
Ethan Keaton,35,54.7,159,Tinggi,Perempuan,1.91
Hazel Irwin,30,82.4,188,Tinggi,Perempuan,2.88
Uri Xenos,20,71.2,170,Sedang,Laki-laki,2.49
Jade Zimmerman,29,69.2,186,Sedang,Perempuan,2.42
Tessa Knight,26,72.1,188,Sedang,Perempuan,2.52
Carter West,56,59.2,162,Rendah,Perempuan,2.07
Silas Garcia,18,67.0,182,Sedang,Laki-laki,2.35
Ryan Boone,50,47.0,160,Tinggi,Perempuan,1.65
Riley Quinn,44,60.1,160,Sedang,Laki-laki,2.1
Umber Dalton,60,53.1,152,Tinggi,Laki-laki,1.86
Zuri Barnes,25,75.4,184,Rendah,Perempuan,2.64
Wesley Nguyen,47,58.5,155,Tinggi,Perempuan,2.05
Asher Rogers,23,63.3,176,Sedang,Laki-laki,2.22
Peyton Zimmerman,49,63.7,164,Sedang,Perempuan,2.23
Hazel York,31,77.8,178,Rendah,Laki-laki,2.72
Nico Vaughn,45,57.1,157,Rendah,Laki-laki,2.0
Winter Turner,48,64.8,186,Sedang,Perempuan,2.27
Drew Foster,47,77.0,185,Tinggi,Laki-laki,2.7
Vera Blake,36,58.4,168,Tinggi,Perempuan,2.04
Wesley Keaton,20,45.9,155,Rendah,Laki-laki,1.61
Oscar Ford,62,60.2,169,Sedang,Laki-laki,2.11
Zuri Foster,63,72.6,174,Tinggi,Perempuan,2.54
Adrian Langley,59,57.3,176,Rendah,Laki-laki,2.01
Kendall Powell,41,59.0,170,Rendah,Perempuan,2.07
Aiden Keller,36,53.4,157,Rendah,Laki-laki,1.87
Ivy Peters,26,54.4,156,Tinggi,Perempuan,1.9
Ella Mitchell,22,64.0,181,Sedang,Laki-laki,2.24
Uri Fox,40,54.4,172,Tinggi,Laki-laki,1.9
Audrey Ramsey,47,68.7,178,Sedang,Perempuan,2.4
Kai Bennett,41,46.0,150,Tinggi,Perempuan,1.61
Clara Zeller,51,48.4,157,Rendah,Laki-laki,1.69
Caleb Hughes,27,64.7,166,Sedang,Laki-laki,2.26
Kendall Zimmerman,56,58.9,156,Rendah,Perempuan,2.06
Isaac Prescott,64,44.1,156,Rendah,Perempuan,1.54
Elias Powell,42,81.1,189,Tinggi,Laki-laki,2.84
Elias Valdez,50,51.6,151,Sedang,Perempuan,1.81
Tatum Prescott,60,74.7,182,Tinggi,Perempuan,2.61
Yara Fox,35,57.3,159,Rendah,Laki-laki,2.01
Carter Walker,26,47.4,159,Sedang,Laki-laki,1.66
Mason Sharp,63,55.4,159,Rendah,Perempuan,1.94
Ryan Edwards,65,66.7,172,Rendah,Laki-laki,2.33
Victoria Parker,35,69.6,187,Rendah,Laki-laki,2.44
Caleb King,48,57.8,167,Sedang,Laki-laki,2.02
Peyton Nash,38,47.1,153,Tinggi,Laki-laki,1.65
Tessa Brooks,45,61.0,164,Rendah,Laki-laki,2.14
Nathan Jefferson,22,53.2,167,Tinggi,Perempuan,1.86
Blake Clark,50,62.0,172,Tinggi,Laki-laki,2.17
Bella Irwin,53,64.6,163,Tinggi,Laki-laki,2.26
Nico Peters,30,54.2,171,Tinggi,Perempuan,1.9
Skyler Griffin,35,77.0,178,Tinggi,Perempuan,2.7
Avery Sharp,61,70.7,188,Sedang,Laki-laki,2.47
Jack Nguyen,41,72.2,171,Rendah,Perempuan,2.53
Vera Winslow,54,75.1,182,Sedang,Laki-laki,2.63
Isaac Simmons,37,57.2,175,Rendah,Laki-laki,2.0
Emerson Lane,28,46.4,156,Rendah,Laki-laki,1.62
Quentin Reed,22,53.3,163,Rendah,Laki-laki,1.87
Silas Easton,32,57.7,163,Sedang,Perempuan,2.02
Oscar Xu,33,49.4,150,Tinggi,Perempuan,1.73
Nathan Love,21,43.5,153,Sedang,Perempuan,1.52
Skyler Trevino,32,60.5,169,Sedang,Perempuan,2.12
Uri Stone,51,64.6,174,Sedang,Perempuan,2.26
Isaac Ward,23,73.3,186,Rendah,Laki-laki,2.57
Samuel West,50,75.4,182,Tinggi,Laki-laki,2.64
Silas York,36,60.1,170,Rendah,Laki-laki,2.1
Uri Morgan,24,72.1,177,Sedang,Perempuan,2.52
Gavin Day,59,62.8,169,Rendah,Laki-laki,2.2
Jules Ulrich,26,56.7,171,Sedang,Laki-laki,1.98
Harper Griffin,49,62.1,166,Sedang,Perempuan,2.17
Ella Prescott,33,76.8,190,Rendah,Laki-laki,2.69
Daisy Turner,26,71.1,183,Rendah,Laki-laki,2.49
Jules Owens,47,69.8,181,Tinggi,Perempuan,2.44
Harper Clark,56,77.4,178,Sedang,Laki-laki,2.71
Yara Young,63,61.8,158,Sedang,Laki-laki,2.16
Zuri Prescott,50,55.9,172,Rendah,Laki-laki,1.96
Elias Foster,21,52.5,161,Rendah,Laki-laki,1.84
Uri Ward,46,49.0,160,Sedang,Perempuan,1.72
Samuel Ross,31,70.4,173,Tinggi,Perempuan,2.46
Winter Price,64,73.5,184,Tinggi,Perempuan,2.57
Nico Boone,32,83.8,189,Rendah,Perempuan,2.93
Jade Powell,33,51.0,155,Rendah,Laki-laki,1.79
Carter Day,40,67.0,187,Sedang,Perempuan,2.35
Asher Stone,37,55.4,154,Tinggi,Laki-laki,1.94
Drew Ward,56,75.8,179,Sedang,Perempuan,2.65
Levi Love,27,70.9,183,Sedang,Laki-laki,2.48
Marley Simmons,53,60.7,158,Tinggi,Laki-laki,2.12
Peyton Sharp,46,51.5,157,Tinggi,Perempuan,1.8
Cameron King,26,80.7,189,Rendah,Laki-laki,2.82
Tessa Hayes,57,57.5,168,Tinggi,Laki-laki,2.01
Elias Nash,31,53.2,151,Tinggi,Laki-laki,1.86
Indie Easton,34,81.1,182,Sedang,Laki-laki,2.84
Grace Diaz,21,69.2,176,Tinggi,Laki-laki,2.42
Yara Anderson,34,60.4,183,Sedang,Laki-laki,2.11
Rose Jefferson,21,63.5,185,Sedang,Perempuan,2.22
Gavin Ellis,57,62.8,177,Tinggi,Laki-laki,2.2
Kai Caldwell,57,53.3,172,Sedang,Laki-laki,1.87
Luna Ross,41,51.0,168,Sedang,Perempuan,1.79
Fiona Diaz,42,67.3,177,Rendah,Laki-laki,2.36
Jade Caldwell,32,48.9,152,Rendah,Laki-laki,1.71
Riley Jefferson,34,57.6,171,Sedang,Laki-laki,2.02
Penelope Morgan,47,73.2,177,Tinggi,Laki-laki,2.56
Scarlett Bishop,41,52.1,163,Sedang,Perempuan,1.82
Xena Caldwell,38,72.0,175,Tinggi,Perempuan,2.52
Miles Drake,30,55.1,160,Rendah,Perempuan,1.93
Aiden Walker,57,53.1,162,Rendah,Perempuan,1.86
Xena Powell,63,53.1,167,Tinggi,Perempuan,1.86
Drew Abbott,36,74.8,186,Sedang,Laki-laki,2.62
Oscar York,64,49.9,163,Sedang,Laki-laki,1.75
Avery Jefferson,64,42.8,151,Sedang,Perempuan,1.5
Logan Stone,29,48.1,160,Sedang,Perempuan,1.68
Xena Quinn,20,52.6,152,Sedang,Laki-laki,1.84
Ella Lane,27,75.4,187,Tinggi,Laki-laki,2.64
Caleb Fleming,39,74.0,187,Sedang,Perempuan,2.59
Lily Blake,30,66.6,175,Sedang,Perempuan,2.33
Xena Turner,60,66.6,173,Rendah,Laki-laki,2.33
Ella Brooks,56,42.3,152,Rendah,Perempuan,1.48
Wyatt Harris,35,67.4,180,Tinggi,Perempuan,2.36
Kendall Nash,49,54.8,161,Sedang,Perempuan,1.92
Uri Hughes,42,71.4,174,Rendah,Laki-laki,2.5
Jade Hayes,57,61.7,170,Rendah,Laki-laki,2.16
Piper Foster,58,50.3,155,Rendah,Laki-laki,1.76
Nico Langley,53,66.6,166,Rendah,Perempuan,2.33
Yara Ellis,38,56.3,157,Sedang,Perempuan,1.97
Drew Overton,65,57.0,163,Tinggi,Perempuan,2.0
Umber Lane,60,47.0,158,Tinggi,Laki-laki,1.65
Elias King,25,62.7,164,Rendah,Perempuan,2.19
Luna Morgan,32,62.5,184,Sedang,Perempuan,2.19
Luna Knight,64,56.3,151,Sedang,Laki-laki,1.97
Piper York,22,59.6,178,Sedang,Perempuan,2.09
Harper Turner,23,58.4,177,Tinggi,Perempuan,2.04
Wyatt Grant,42,76.3,177,Rendah,Laki-laki,2.67
Uri Nguyen,37,72.1,173,Sedang,Perempuan,2.52
Bella Owens,21,83.4,187,Tinggi,Perempuan,2.92
Lily Ross,37,68.2,182,Rendah,Perempuan,2.39
Kendall Garcia,48,75.5,183,Sedang,Laki-laki,2.64
Indie Vaughn,46,63.2,179,Rendah,Laki-laki,2.21
Nora Stone,27,59.3,158,Sedang,Laki-laki,2.08
Hazel Lane,29,61.9,180,Tinggi,Perempuan,2.17
Jules Zimmerman,63,77.5,190,Rendah,Perempuan,2.71
Zane Winslow,34,46.9,155,Sedang,Perempuan,1.64
Lily Ellis,37,69.2,184,Rendah,Perempuan,2.42
Riley Montgomery,56,69.3,187,Sedang,Laki-laki,2.43
Clara Reed,50,66.5,169,Tinggi,Laki-laki,2.33
Scarlett Drake,53,60.6,168,Rendah,Laki-laki,2.12
Yara Lane,51,49.7,166,Rendah,Laki-laki,1.74
Aria Boone,53,79.7,181,Sedang,Perempuan,2.79
Owen Bennett,54,63.7,166,Rendah,Laki-laki,2.23
Carter Powell,59,67.0,167,Rendah,Perempuan,2.35
Grayson Zeller,65,51.2,154,Sedang,Perempuan,1.79
Avery York,48,44.3,152,Rendah,Laki-laki,1.55
Penelope Xu,19,71.7,174,Tinggi,Perempuan,2.51
Tessa Langley,23,74.5,190,Sedang,Perempuan,2.61
Vera Zimmerman,41,62.2,174,Sedang,Perempuan,2.18
Jade Griffin,63,58.7,166,Rendah,Laki-laki,2.05
Harper Drake,51,55.3,167,Rendah,Perempuan,1.94
Blake Keaton,28,54.3,151,Sedang,Laki-laki,1.9
Vinnie Day,63,58.2,169,Sedang,Perempuan,2.04
Zane Brooks,40,46.2,155,Sedang,Laki-laki,1.62
Cameron Vaughn,40,58.1,157,Sedang,Perempuan,2.03
Aiden King,63,72.0,177,Tinggi,Perempuan,2.52
Clara Nash,18,72.2,184,Sedang,Perempuan,2.53
Riley Anderson,49,57.3,160,Rendah,Laki-laki,2.01
Levi Fox,42,76.5,180,Tinggi,Perempuan,2.68
Aria Gray,44,54.2,168,Rendah,Laki-laki,1.9
Clara Powell,32,69.9,187,Tinggi,Perempuan,2.45
